product,gross,net,orders
(untitled / deleted products),17071.79,16447.55,257
THE CREEDSMAN BELT,8607.00,8460.20,55
WW/SDV FANCY BELT,3850.00,3850.00,22
THE WORKSHOP LIFTER,3490.00,3420.49,22
LOCAL SEALIFE SUN SHIRT,1786.65,1693.88,46
LOCAL SEALIFE TEE,1470.00,1393.49,43
JACKPOT TEE,1365.00,1365.00,37
DEAD COWBOY TEE,1050.00,1050.00,33
SUBSURFACE EXPEDITIONS TEE,1049.70,1049.70,25
DROWN PROOF TEE - BLACK,910.00,881.29,23
WW AFP BAG,827.04,827.04,12
SUBSURFACE EXPEDITIONS LONG SLEEVE TEE,804.77,787.28,21
"""CERTIFIED"" TEE",699.80,699.80,16
DEAD COWBOY HOODIE,651.02,651.02,12
PANO NODS LAPEL PIN,640.76,636.98,56
MP7 LAPEL PIN,541.86,539.86,48
TIDE HEART TEE,540.00,540.00,18
GRATEFUL TED TEE,525.61,525.61,14
DEAD RECKONING TEE BLACK - WW x HOO DOGGY,525.00,511.00,13
DROWN PROOF TEE -  PINK,490.00,490.00,14
CORE TEE,480.00,480.00,16
DRAGERMEN TEE,454.87,454.87,13
LEGALIZE TEE,450.00,450.00,15
DEAD RECKONING TEE WHITE - WW x HOO DOGGY,385.00,364.01,10
WW WAFFLE BEANIE,347.88,347.88,12
WAVEBOLT PUFF TRUCKER,330.00,330.00,10
COLLEGE OF OCEANEERING DIVE TEE,314.91,314.91,8
LEGALIZE HOODIE,300.00,300.00,6
CRIMPIN AINT EASY PIN,290.00,290.00,18
WAVEBOLT JAWS COLLAB PATCH,289.71,283.73,27
SHRIMPS IS BUGS SLAP,256.00,256.00,22
TIDE HEART HOODIE,250.00,250.00,5
SPECIALIZED DIVE SHOP - ACID WASH OVERSIZE TEE,239.94,239.94,6
RIPTIDE MULTI WORK MAT,239.94,235.94,6
SUBSURFACE EXPEDITIONS SLAP,232.00,232.00,21
WAVE BOLT PATCH,225.00,225.00,14
SPECIALIZED DIVE SHOP LONG SLEEVE TEE,210.00,210.00,5
EYES WITHOUT A FACE TEE,209.94,209.94,5
CORE HOODIE,200.00,200.00,4
DEPTH CHARGE PENDANT,198.00,198.00,1
